Workbook

Sheet Бастапқы деректер
A1: №7 нұсқа. Жол-көлік оқиғалары болған қиылыстарды талдау
A3: Қиылыс | B3: X, м | C3: Y, м | D3: Жылдық ЖКО саны
A4: A | B4: 100 | C4: 100 | D4: 3
A5: B | B5: 400 | C5: 100 | D5: 4
A6: C | B6: 100 | C6: 500 | D6: 5
A7: D | B7: 500 | C7: 500 | D7: 7
A8: E | B8: 800 | C8: 300 | D8: 9
A9: F | B9: 900 | C9: 800 | D9: 18
A12: Координаталар — шартты жергілікті жүйе, метр. Диаграммада бір жылдағы ЖКО саны көрсетілген. Нақты қала немесе жол желісі берілмеген.

Sheet Статистика
A1: №7 нұсқа. Негізгі статистикалық есептеулер
A3: Көрсеткіш | B3: Формула нәтижесі | C3: Өлшем | D3: Түсіндірме
A4: Count — бақылаулар саны | B4: =COUNT('Бастапқы деректер'!$D$4:$D$9) -> 6 | C4: қиылыс | D4: Сандық мәндер саны.
A5: Sum — қосынды | B5: =SUM('Бастапқы деректер'!$D$4:$D$9) -> 46 | C5: ЖКО | D5: Алты қиылыстағы жылдық ЖКО жиыны.
A6: Mean — арифметикалық орташа | B6: =AVERAGE('Бастапқы деректер'!$D$4:$D$9) -> 7.6666667 | C6: ЖКО | D6: 46 / 6 = 7,6667.
A7: Median — медиана | B7: =MEDIAN('Бастапқы деректер'!$D$4:$D$9) -> 6 | C7: ЖКО | D7: Реттелген қатардың ортасы: (5 + 7) / 2.
A8: Minimum — ең кіші мән | B8: =MIN('Бастапқы деректер'!$D$4:$D$9) -> 3 | C8: ЖКО | D8: A қиылысы.
A9: Maximum — ең үлкен мән | B9: =MAX('Бастапқы деректер'!$D$4:$D$9) -> 18 | C9: ЖКО | D9: F қиылысы.
A10: Range — құлаш | B10: =B9-B8 -> 15 | C10: ЖКО | D10: 18 − 3.
A11: Missing Values — жетіспейтін мәндер | B11: =COUNTBLANK('Бастапқы деректер'!$D$4:$D$9) -> 0 | C11: мән | D11: Берілген аралықта бос ұяшық жоқ.
A12: Бас жиынтық дисперсиясы, σ² | B12: =VARP('Бастапқы деректер'!$D$4:$D$9) -> 25.222222 | C12: ЖКО² | D12: Бөлгіш N = 6; іріктемелік N − 1 емес.
A13: Бас жиынтықтың стандарттық ауытқуы, σ | B13: =STDEVP('Бастапқы деректер'!$D$4:$D$9) -> 5.0221731 | C13: ЖКО | D13: STDEVP — бас жиынтық үшін STDEV.P баламасы.
A14: Q1 — бірінші квартиль | B14: =MEDIAN(SMALL('Бастапқы деректер'!$D$4:$D$9,1),SMALL('Бастапқы деректер'!$D$4:$D$9,2),SMALL('Бастапқы деректер'!$D$4:$D$9,3)) -> 4 | C14: ЖКО | D14: Төменгі жартының медианасы: MEDIAN(3,4,5).
A15: Q3 — үшінші квартиль | B15: =MEDIAN(SMALL('Бастапқы деректер'!$D$4:$D$9,4),SMALL('Бастапқы деректер'!$D$4:$D$9,5),SMALL('Бастапқы деректер'!$D$4:$D$9,6)) -> 9 | C15: ЖКО | D15: Жоғарғы жартының медианасы: MEDIAN(7,9,18).
A16: IQR — квартильаралық ауқым | B16: =B15-B14 -> 5 | C16: ЖКО | D16: Q3 − Q1; Tukey hinges әдісі.
A19: Квартильдер есеп пен QGIS-тегідей төменгі/жоғарғы үш мәннің медианасы арқылы есептелді. QUARTILE.INC басқа интерполяция қолданатындықтан, бұл жұмыста ол қолданылмайды.
A22: Стандарттық ауытқуды қолмен тексеру
A23: Қиылыс | B23: xᵢ | C23: xᵢ − μ | D23: (xᵢ − μ)²
A24: ='Бастапқы деректер'!A4 -> A | B24: ='Бастапқы деректер'!D4 -> 3 | C24: =B24-$B$6 -> -4.6666667 | D24: =C24^2 -> 21.777778
A25: ='Бастапқы деректер'!A5 -> B | B25: ='Бастапқы деректер'!D5 -> 4 | C25: =B25-$B$6 -> -3.6666667 | D25: =C25^2 -> 13.444444
A26: ='Бастапқы деректер'!A6 -> C | B26: ='Бастапқы деректер'!D6 -> 5 | C26: =B26-$B$6 -> -2.6666667 | D26: =C26^2 -> 7.1111111
A27: ='Бастапқы деректер'!A7 -> D | B27: ='Бастапқы деректер'!D7 -> 7 | C27: =B27-$B$6 -> -0.66666667 | D27: =C27^2 -> 0.44444444
A28: ='Бастапқы деректер'!A8 -> E | B28: ='Бастапқы деректер'!D8 -> 9 | C28: =B28-$B$6 -> 1.3333333 | D28: =C28^2 -> 1.7777778
A29: ='Бастапқы деректер'!A9 -> F | B29: ='Бастапқы деректер'!D9 -> 18 | C29: =B29-$B$6 -> 10.333333 | D29: =C29^2 -> 106.77778
A30: Қосынды | B30: =SUM(B24:B29) -> 46 | C30: =SUM(C24:C29) -> 0 | D30: =SUM(D24:D29) -> 151.33333
A32: σ = √[Σ(xᵢ − μ)² / N] | D32: =SQRT(D30/B4) -> 5.0221731
A34: Кестелердегі есептік мәндер бастапқы деректер өзгерсе формулалар арқылы қайта есептеледі.

Sheet Қашықтықтар
A1: №7 нұсқа. Барлық 15 жұптың Евклидтік қашықтығы
A3: Жұп | B3: X₁, м | C3: Y₁, м | D3: X₂, м | E3: Y₂, м | F3: ΔX, м | G3: ΔY, м | H3: Қашықтық, м | I3: Реті
A4: ='Бастапқы деректер'!A4&"–"&'Бастапқы деректер'!A5 -> A–B | B4: ='Бастапқы деректер'!B4 -> 100 | C4: ='Бастапқы деректер'!C4 -> 100 | D4: ='Бастапқы деректер'!B5 -> 400 | E4: ='Бастапқы деректер'!C5 -> 100 | F4: =D4-B4 -> 300 | G4: =E4-C4 -> 0 | H4: =SQRT(F4^2+G4^2) -> 300 | I4: =RANK(H4,$H$4:$H$18,1) -> 1
A5: ='Бастапқы деректер'!A4&"–"&'Бастапқы деректер'!A6 -> A–C | B5: ='Бастапқы деректер'!B4 -> 100 | C5: ='Бастапқы деректер'!C4 -> 100 | D5: ='Бастапқы деректер'!B6 -> 100 | E5: ='Бастапқы деректер'!C6 -> 500 | F5: =D5-B5 -> 0 | G5: =E5-C5 -> 400 | H5: =SQRT(F5^2+G5^2) -> 400 | I5: =RANK(H5,$H$4:$H$18,1) -> 3
A6: ='Бастапқы деректер'!A4&"–"&'Бастапқы деректер'!A7 -> A–D | B6: ='Бастапқы деректер'!B4 -> 100 | C6: ='Бастапқы деректер'!C4 -> 100 | D6: ='Бастапқы деректер'!B7 -> 500 | E6: ='Бастапқы деректер'!C7 -> 500 | F6: =D6-B6 -> 400 | G6: =E6-C6 -> 400 | H6: =SQRT(F6^2+G6^2) -> 565.68542 | I6: =RANK(H6,$H$4:$H$18,1) -> 10
A7: ='Бастапқы деректер'!A4&"–"&'Бастапқы деректер'!A8 -> A–E | B7: ='Бастапқы деректер'!B4 -> 100 | C7: ='Бастапқы деректер'!C4 -> 100 | D7: ='Бастапқы деректер'!B8 -> 800 | E7: ='Бастапқы деректер'!C8 -> 300 | F7: =D7-B7 -> 700 | G7: =E7-C7 -> 200 | H7: =SQRT(F7^2+G7^2) -> 728.01099 | I7: =RANK(H7,$H$4:$H$18,1) -> 11
A8: ='Бастапқы деректер'!A4&"–"&'Бастапқы деректер'!A9 -> A–F | B8: ='Бастапқы деректер'!B4 -> 100 | C8: ='Бастапқы деректер'!C4 -> 100 | D8: ='Бастапқы деректер'!B9 -> 900 | E8: ='Бастапқы деректер'!C9 -> 800 | F8: =D8-B8 -> 800 | G8: =E8-C8 -> 700 | H8: =SQRT(F8^2+G8^2) -> 1063.0146 | I8: =RANK(H8,$H$4:$H$18,1) -> 15
A9: ='Бастапқы деректер'!A5&"–"&'Бастапқы деректер'!A6 -> B–C | B9: ='Бастапқы деректер'!B5 -> 400 | C9: ='Бастапқы деректер'!C5 -> 100 | D9: ='Бастапқы деректер'!B6 -> 100 | E9: ='Бастапқы деректер'!C6 -> 500 | F9: =D9-B9 -> -300 | G9: =E9-C9 -> 400 | H9: =SQRT(F9^2+G9^2) -> 500 | I9: =RANK(H9,$H$4:$H$18,1) -> 7
A10: ='Бастапқы деректер'!A5&"–"&'Бастапқы деректер'!A7 -> B–D | B10: ='Бастапқы деректер'!B5 -> 400 | C10: ='Бастапқы деректер'!C5 -> 100 | D10: ='Бастапқы деректер'!B7 -> 500 | E10: ='Бастапқы деректер'!C7 -> 500 | F10: =D10-B10 -> 100 | G10: =E10-C10 -> 400 | H10: =SQRT(F10^2+G10^2) -> 412.31056 | I10: =RANK(H10,$H$4:$H$18,1) -> 5
A11: ='Бастапқы деректер'!A5&"–"&'Бастапқы деректер'!A8 -> B–E | B11: ='Бастапқы деректер'!B5 -> 400 | C11: ='Бастапқы деректер'!C5 -> 100 | D11: ='Бастапқы деректер'!B8 -> 800 | E11: ='Бастапқы деректер'!C8 -> 300 | F11: =D11-B11 -> 400 | G11: =E11-C11 -> 200 | H11: =SQRT(F11^2+G11^2) -> 447.2136 | I11: =RANK(H11,$H$4:$H$18,1) -> 6
A12: ='Бастапқы деректер'!A5&"–"&'Бастапқы деректер'!A9 -> B–F | B12: ='Бастапқы деректер'!B5 -> 400 | C12: ='Бастапқы деректер'!C5 -> 100 | D12: ='Бастапқы деректер'!B9 -> 900 | E12: ='Бастапқы деректер'!C9 -> 800 | F12: =D12-B12 -> 500 | G12: =E12-C12 -> 700 | H12: =SQRT(F12^2+G12^2) -> 860.23253 | I12: =RANK(H12,$H$4:$H$18,1) -> 14
A13: ='Бастапқы деректер'!A6&"–"&'Бастапқы деректер'!A7 -> C–D | B13: ='Бастапқы деректер'!B6 -> 100 | C13: ='Бастапқы деректер'!C6 -> 500 | D13: ='Бастапқы деректер'!B7 -> 500 | E13: ='Бастапқы деректер'!C7 -> 500 | F13: =D13-B13 -> 400 | G13: =E13-C13 -> 0 | H13: =SQRT(F13^2+G13^2) -> 400 | I13: =RANK(H13,$H$4:$H$18,1) -> 3
A14: ='Бастапқы деректер'!A6&"–"&'Бастапқы деректер'!A8 -> C–E | B14: ='Бастапқы деректер'!B6 -> 100 | C14: ='Бастапқы деректер'!C6 -> 500 | D14: ='Бастапқы деректер'!B8 -> 800 | E14: ='Бастапқы деректер'!C8 -> 300 | F14: =D14-B14 -> 700 | G14: =E14-C14 -> -200 | H14: =SQRT(F14^2+G14^2) -> 728.01099 | I14: =RANK(H14,$H$4:$H$18,1) -> 11
A15: ='Бастапқы деректер'!A6&"–"&'Бастапқы деректер'!A9 -> C–F | B15: ='Бастапқы деректер'!B6 -> 100 | C15: ='Бастапқы деректер'!C6 -> 500 | D15: ='Бастапқы деректер'!B9 -> 900 | E15: ='Бастапқы деректер'!C9 -> 800 | F15: =D15-B15 -> 800 | G15: =E15-C15 -> 300 | H15: =SQRT(F15^2+G15^2) -> 854.40037 | I15: =RANK(H15,$H$4:$H$18,1) -> 13
A16: ='Бастапқы деректер'!A7&"–"&'Бастапқы деректер'!A8 -> D–E | B16: ='Бастапқы деректер'!B7 -> 500 | C16: ='Бастапқы деректер'!C7 -> 500 | D16: ='Бастапқы деректер'!B8 -> 800 | E16: ='Бастапқы деректер'!C8 -> 300 | F16: =D16-B16 -> 300 | G16: =E16-C16 -> -200 | H16: =SQRT(F16^2+G16^2) -> 360.55513 | I16: =RANK(H16,$H$4:$H$18,1) -> 2
A17: ='Бастапқы деректер'!A7&"–"&'Бастапқы деректер'!A9 -> D–F | B17: ='Бастапқы деректер'!B7 -> 500 | C17: ='Бастапқы деректер'!C7 -> 500 | D17: ='Бастапқы деректер'!B9 -> 900 | E17: ='Бастапқы деректер'!C9 -> 800 | F17: =D17-B17 -> 400 | G17: =E17-C17 -> 300 | H17: =SQRT(F17^2+G17^2) -> 500 | I17: =RANK(H17,$H$4:$H$18,1) -> 7
A18: ='Бастапқы деректер'!A8&"–"&'Бастапқы деректер'!A9 -> E–F | B18: ='Бастапқы деректер'!B8 -> 800 | C18: ='Бастапқы деректер'!C8 -> 300 | D18: ='Бастапқы деректер'!B9 -> 900 | E18: ='Бастапқы деректер'!C9 -> 800 | F18: =D18-B18 -> 100 | G18: =E18-C18 -> 500 | H18: =SQRT(F18^2+G18^2) -> 509.90195 | I18: =RANK(H18,$H$4:$H$18,1) -> 9
A21: Қорытынды | B21: Жұп | C21: Қашықтық, м
A22: Ең жақын жұп | B22: =INDEX($A$4:$A$18,MATCH(MIN($H$4:$H$18),$H$4:$H$18,0)) -> A–B | C22: =MIN($H$4:$H$18) -> 300
A23: Ең алыс жұп | B23: =INDEX($A$4:$A$18,MATCH(MAX($H$4:$H$18),$H$4:$H$18,0)) -> A–F | C23: =MAX($H$4:$H$18) -> 1063.0146
A25: d = √[(X₂ − X₁)² + (Y₂ − Y₁)²]. Барлық мән метрмен берілген. Бұл — түзу сызықтық қашықтық; нақты жолмен жүру аралығы емес.

Sheet Матрица
A1: №7 нұсқа. Қиылыстар арақашықтығының матрицасы, м
A3: Қиылыс | B3: ='Бастапқы деректер'!A4 -> A | C3: ='Бастапқы деректер'!A5 -> B | D3: ='Бастапқы деректер'!A6 -> C | E3: ='Бастапқы деректер'!A7 -> D | F3: ='Бастапқы деректер'!A8 -> E | G3: ='Бастапқы деректер'!A9 -> F
A4: ='Бастапқы деректер'!A4 -> A | B4: =SQRT(('Бастапқы деректер'!$B$4-'Бастапқы деректер'!$B$4)^2+('Бастапқы деректер'!$C$4-'Бастапқы деректер'!$C$4)^2) -> 0 | C4: =SQRT(('Бастапқы деректер'!$B$4-'Бастапқы деректер'!$B$5)^2+('Бастапқы деректер'!$C$4-'Бастапқы деректер'!$C$5)^2) -> 300 | D4: =SQRT(('Бастапқы деректер'!$B$4-'Бастапқы деректер'!$B$6)^2+('Бастапқы деректер'!$C$4-'Бастапқы деректер'!$C$6)^2) -> 400 | E4: =SQRT(('Бастапқы деректер'!$B$4-'Бастапқы деректер'!$B$7)^2+('Бастапқы деректер'!$C$4-'Бастапқы деректер'!$C$7)^2) -> 565.68542 | F4: =SQRT(('Бастапқы деректер'!$B$4-'Бастапқы деректер'!$B$8)^2+('Бастапқы деректер'!$C$4-'Бастапқы деректер'!$C$8)^2) -> 728.01099 | G4: =SQRT(('Бастапқы деректер'!$B$4-'Бастапқы деректер'!$B$9)^2+('Бастапқы деректер'!$C$4-'Бастапқы деректер'!$C$9)^2) -> 1063.0146
A5: ='Бастапқы деректер'!A5 -> B | B5: =SQRT(('Бастапқы деректер'!$B$5-'Бастапқы деректер'!$B$4)^2+('Бастапқы деректер'!$C$5-'Бастапқы деректер'!$C$4)^2) -> 300 | C5: =SQRT(('Бастапқы деректер'!$B$5-'Бастапқы деректер'!$B$5)^2+('Бастапқы деректер'!$C$5-'Бастапқы деректер'!$C$5)^2) -> 0 | D5: =SQRT(('Бастапқы деректер'!$B$5-'Бастапқы деректер'!$B$6)^2+('Бастапқы деректер'!$C$5-'Бастапқы деректер'!$C$6)^2) -> 500 | E5: =SQRT(('Бастапқы деректер'!$B$5-'Бастапқы деректер'!$B$7)^2+('Бастапқы деректер'!$C$5-'Бастапқы деректер'!$C$7)^2) -> 412.31056 | F5: =SQRT(('Бастапқы деректер'!$B$5-'Бастапқы деректер'!$B$8)^2+('Бастапқы деректер'!$C$5-'Бастапқы деректер'!$C$8)^2) -> 447.2136 | G5: =SQRT(('Бастапқы деректер'!$B$5-'Бастапқы деректер'!$B$9)^2+('Бастапқы деректер'!$C$5-'Бастапқы деректер'!$C$9)^2) -> 860.23253
A6: ='Бастапқы деректер'!A6 -> C | B6: =SQRT(('Бастапқы деректер'!$B$6-'Бастапқы деректер'!$B$4)^2+('Бастапқы деректер'!$C$6-'Бастапқы деректер'!$C$4)^2) -> 400 | C6: =SQRT(('Бастапқы деректер'!$B$6-'Бастапқы деректер'!$B$5)^2+('Бастапқы деректер'!$C$6-'Бастапқы деректер'!$C$5)^2) -> 500 | D6: =SQRT(('Бастапқы деректер'!$B$6-'Бастапқы деректер'!$B$6)^2+('Бастапқы деректер'!$C$6-'Бастапқы деректер'!$C$6)^2) -> 0 | E6: =SQRT(('Бастапқы деректер'!$B$6-'Бастапқы деректер'!$B$7)^2+('Бастапқы деректер'!$C$6-'Бастапқы деректер'!$C$7)^2) -> 400 | F6: =SQRT(('Бастапқы деректер'!$B$6-'Бастапқы деректер'!$B$8)^2+('Бастапқы деректер'!$C$6-'Бастапқы деректер'!$C$8)^2) -> 728.01099 | G6: =SQRT(('Бастапқы деректер'!$B$6-'Бастапқы деректер'!$B$9)^2+('Бастапқы деректер'!$C$6-'Бастапқы деректер'!$C$9)^2) -> 854.40037
A7: ='Бастапқы деректер'!A7 -> D | B7: =SQRT(('Бастапқы деректер'!$B$7-'Бастапқы деректер'!$B$4)^2+('Бастапқы деректер'!$C$7-'Бастапқы деректер'!$C$4)^2) -> 565.68542 | C7: =SQRT(('Бастапқы деректер'!$B$7-'Бастапқы деректер'!$B$5)^2+('Бастапқы деректер'!$C$7-'Бастапқы деректер'!$C$5)^2) -> 412.31056 | D7: =SQRT(('Бастапқы деректер'!$B$7-'Бастапқы деректер'!$B$6)^2+('Бастапқы деректер'!$C$7-'Бастапқы деректер'!$C$6)^2) -> 400 | E7: =SQRT(('Бастапқы деректер'!$B$7-'Бастапқы деректер'!$B$7)^2+('Бастапқы деректер'!$C$7-'Бастапқы деректер'!$C$7)^2) -> 0 | F7: =SQRT(('Бастапқы деректер'!$B$7-'Бастапқы деректер'!$B$8)^2+('Бастапқы деректер'!$C$7-'Бастапқы деректер'!$C$8)^2) -> 360.55513 | G7: =SQRT(('Бастапқы деректер'!$B$7-'Бастапқы деректер'!$B$9)^2+('Бастапқы деректер'!$C$7-'Бастапқы деректер'!$C$9)^2) -> 500
A8: ='Бастапқы деректер'!A8 -> E | B8: =SQRT(('Бастапқы деректер'!$B$8-'Бастапқы деректер'!$B$4)^2+('Бастапқы деректер'!$C$8-'Бастапқы деректер'!$C$4)^2) -> 728.01099 | C8: =SQRT(('Бастапқы деректер'!$B$8-'Бастапқы деректер'!$B$5)^2+('Бастапқы деректер'!$C$8-'Бастапқы деректер'!$C$5)^2) -> 447.2136 | D8: =SQRT(('Бастапқы деректер'!$B$8-'Бастапқы деректер'!$B$6)^2+('Бастапқы деректер'!$C$8-'Бастапқы деректер'!$C$6)^2) -> 728.01099 | E8: =SQRT(('Бастапқы деректер'!$B$8-'Бастапқы деректер'!$B$7)^2+('Бастапқы деректер'!$C$8-'Бастапқы деректер'!$C$7)^2) -> 360.55513 | F8: =SQRT(('Бастапқы деректер'!$B$8-'Бастапқы деректер'!$B$8)^2+('Бастапқы деректер'!$C$8-'Бастапқы деректер'!$C$8)^2) -> 0 | G8: =SQRT(('Бастапқы деректер'!$B$8-'Бастапқы деректер'!$B$9)^2+('Бастапқы деректер'!$C$8-'Бастапқы деректер'!$C$9)^2) -> 509.90195
A9: ='Бастапқы деректер'!A9 -> F | B9: =SQRT(('Бастапқы деректер'!$B$9-'Бастапқы деректер'!$B$4)^2+('Бастапқы деректер'!$C$9-'Бастапқы деректер'!$C$4)^2) -> 1063.0146 | C9: =SQRT(('Бастапқы деректер'!$B$9-'Бастапқы деректер'!$B$5)^2+('Бастапқы деректер'!$C$9-'Бастапқы деректер'!$C$5)^2) -> 860.23253 | D9: =SQRT(('Бастапқы деректер'!$B$9-'Бастапқы деректер'!$B$6)^2+('Бастапқы деректер'!$C$9-'Бастапқы деректер'!$C$6)^2) -> 854.40037 | E9: =SQRT(('Бастапқы деректер'!$B$9-'Бастапқы деректер'!$B$7)^2+('Бастапқы деректер'!$C$9-'Бастапқы деректер'!$C$7)^2) -> 500 | F9: =SQRT(('Бастапқы деректер'!$B$9-'Бастапқы деректер'!$B$8)^2+('Бастапқы деректер'!$C$9-'Бастапқы деректер'!$C$8)^2) -> 509.90195 | G9: =SQRT(('Бастапқы деректер'!$B$9-'Бастапқы деректер'!$B$9)^2+('Бастапқы деректер'!$C$9-'Бастапқы деректер'!$C$9)^2) -> 0
A12: Ең кіші > 0 | B12: ='Қашықтықтар'!C22 -> 300
A13: Ең үлкен | B13: ='Қашықтықтар'!C23 -> 1063.0146
A15: Матрица симметриялы: d(A,B) = d(B,A). Диагональдағы нөлдер бір нүктеден өзіне дейінгі қашықтықты көрсетеді; ең жақын жұпты іздегенде олар алынбайды.
A18: Негізгі нәтиже: ең жақын A–B = 300 м; ең алыс A–F = 1063,015 м. Барлық есептер бастапқы деректер парағындағы координаталарға байланыстырылған.
